edad,red_social_principal,frecuencia_uso,horas_diarias,sesiones_diarias,tipo_contenido,interaccion_diaria,publica_contenido,uso_nocturno,notificaciones,motivo_principal,nivel_satisfaccion
17.0,X,Raramente,0.8,1.0,Educación,24.0,No,Raramente,Ninguna,Trabajo,Muy alto
36.0,YouTube,Varias veces al día,10.9,12.0,Tutoriales,117.0,Sí,Frecuentemente,Moderadas,Información,
27.0,YouTube,,5.9,15.0,Memes,49.0,No,A veces,Moderadas,Entretenimiento,Medio
17.0,YouTube,Varias veces por semana,,7.0,Deportes,23.0,No,Frecuentemente,Pocas,Comunicación,Alto
29.0,Facebook,Raramente,0.9,1.0,Tutoriales,9.0,No,,Pocas,Información,Bajo
33.0,X,Diariamente,2.6,2.0,Noticias,59.0,No,A veces,,Información,
23.0,YouTube,Diariamente,6.3,8.0,Memes,92.0,No,Siempre,Pocas,,Muy bajo
50.0,Facebook,Diariamente,5.1,6.0,Deportes,64.0,No,Raramente,Muchas,,Alto
50.0,TikTok,Varias veces por semana,3.3,12.0,Memes,73.0,No,A veces,Pocas,,Alto
26.0,Instagram,Varias veces por semana,2.4,9.0,Memes,36.0,Sí,A veces,Pocas,Entretenimiento,Alto
19.0,TikTok,Varias veces al día,5.0,8.0,,94.0,No,Frecuentemente,Muchas,Información,Alto
,WhatsApp,Varias veces por semana,4.9,11.0,Tutoriales,,No,Raramente,Ninguna,Entretenimiento,Alto
,Instagram,Diariamente,7.5,14.0,Deportes,160.0,No,Frecuentemente,Pocas,Entretenimiento,Medio
25.0,WhatsApp,Varias veces al día,11.4,14.0,Entretenimiento,158.0,Sí,Frecuentemente,Muchas,Comunicación,Medio
32.0,TikTok,Diariamente,2.8,,Memes,8.0,No,Raramente,Moderadas,Entretenimiento,
26.0,YouTube,,6.6,12.0,Entretenimiento,154.0,Sí,A veces,Moderadas,Entretenimiento,Muy alto
18.0,Instagram,Diariamente,4.9,17.0,Música,57.0,No,Raramente,Moderadas,Trabajo,Muy alto
19.0,TikTok,,4.5,16.0,Noticias,57.0,No,Frecuentemente,Pocas,Educación,Medio
42.0,YouTube,Varias veces por semana,3.1,11.0,Música,37.0,No,A veces,,Educación,Alto
21.0,Instagram,Varias veces al día,7.0,25.0,,134.0,No,Raramente,Moderadas,Información,Medio
23.0,TikTok,Semanalmente,3.0,5.0,Música,34.0,No,A veces,Moderadas,,
37.0,WhatsApp,Diariamente,6.6,8.0,Memes,133.0,Sí,A veces,Moderadas,Comunicación,Alto
23.0,Instagram,Semanalmente,1.2,5.0,Deportes,37.0,Sí,Raramente,Ninguna,Información,Muy alto
36.0,Instagram,Semanalmente,0.8,4.0,Tutoriales,14.0,No,A veces,Pocas,Información,Muy bajo
49.0,WhatsApp,Diariamente,5.4,6.0,Noticias,52.0,No,A veces,Ninguna,Comunicación,Alto
21.0,,Varias veces al día,,18.0,Entretenimiento,87.0,Sí,Siempre,,,Medio
20.0,TikTok,,3.6,,Videojuegos,57.0,Sí,Frecuentemente,Moderadas,Entretenimiento,Bajo
24.0,WhatsApp,Semanalmente,1.3,2.0,Entretenimiento,11.0,No,,Pocas,Educación,Bajo
51.0,Facebook,Varias veces al día,6.0,14.0,Deportes,95.0,,A veces,Pocas,Educación,Alto
,WhatsApp,Diariamente,7.4,23.0,Deportes,96.0,Sí,Frecuentemente,Moderadas,Promoción/negocio,Alto
14.0,TikTok,,1.1,5.0,Videojuegos,58.0,,A veces,Pocas,Promoción/negocio,Muy bajo
35.0,Instagram,Varias veces al día,6.4,24.0,Tutoriales,142.0,Sí,Frecuentemente,Muchas,Entretenimiento,Medio
42.0,YouTube,Diariamente,5.2,6.0,Tutoriales,53.0,Sí,Frecuentemente,Muchas,Entretenimiento,Medio
28.0,WhatsApp,Raramente,1.2,3.0,Deportes,15.0,No,Nunca,Ninguna,Comunicación,Medio
22.0,,Diariamente,5.5,5.0,Música,62.0,Sí,Siempre,Moderadas,,Muy bajo
14.0,X,Varias veces al día,4.6,7.0,Noticias,108.0,Sí,Frecuentemente,Moderadas,Comunicación,Medio
35.0,WhatsApp,Semanalmente,2.6,,,26.0,Sí,A veces,Pocas,Entretenimiento,Muy bajo
,WhatsApp,Diariamente,2.8,5.0,Noticias,,No,Frecuentemente,Ninguna,Educación,Muy bajo
,Facebook,Diariamente,2.2,2.0,Entretenimiento,43.0,No,Siempre,Pocas,,
48.0,WhatsApp,Varias veces por semana,4.5,17.0,Entretenimiento,105.0,Sí,A veces,Moderadas,Comunicación,Alto
21.0,TikTok,Varias veces al día,7.7,21.0,,90.0,Sí,A veces,Moderadas,Comunicación,Muy bajo
24.0,TikTok,Varias veces por semana,4.4,9.0,Tutoriales,60.0,No,Frecuentemente,Ninguna,Comunicación,Medio
14.0,YouTube,Diariamente,,13.0,Deportes,96.0,No,Frecuentemente,Moderadas,Comunicación,Medio
18.0,,Varias veces al día,9.1,,Memes,132.0,No,Frecuentemente,Muchas,,Medio
31.0,YouTube,Semanalmente,1.4,6.0,Entretenimiento,,Sí,,Pocas,Comunicación,Alto
53.0,YouTube,Diariamente,7.7,16.0,Videojuegos,62.0,No,Siempre,Moderadas,Comunicación,Bajo
,Instagram,Varias veces por semana,3.0,8.0,Educación,48.0,,Raramente,Muchas,Entretenimiento,Alto
,YouTube,Semanalmente,1.4,7.0,Música,49.0,No,Raramente,Pocas,Comunicación,Muy alto
54.0,WhatsApp,Diariamente,3.4,8.0,Memes,32.0,No,Frecuentemente,,Promoción/negocio,Medio
19.0,Instagram,Diariamente,5.3,11.0,Música,84.0,Sí,Raramente,Moderadas,Trabajo,Alto
38.0,X,Varias veces al día,10.5,14.0,Deportes,,No,Siempre,Muchas,Información,Muy alto
15.0,X,Varias veces al día,10.9,20.0,Noticias,167.0,No,A veces,Muchas,,Medio
13.0,YouTube,,5.9,16.0,Entretenimiento,62.0,No,Raramente,Pocas,Entretenimiento,Medio
49.0,X,Varias veces al día,,24.0,Tutoriales,126.0,,,Moderadas,Entretenimiento,Bajo
54.0,,Varias veces al día,8.8,8.0,Memes,99.0,No,Raramente,,Entretenimiento,Medio
21.0,Instagram,Varias veces al día,10.7,21.0,Entretenimiento,119.0,Sí,,Moderadas,Entretenimiento,Medio
34.0,Facebook,Diariamente,,22.0,Tutoriales,150.0,Sí,A veces,Muchas,Información,Medio
21.0,Instagram,Raramente,1.4,8.0,Tutoriales,,No,,Pocas,Entretenimiento,Alto
,WhatsApp,Raramente,0.9,3.0,Tutoriales,19.0,No,Nunca,Pocas,,Muy bajo
,WhatsApp,Varias veces al día,4.9,,Memes,56.0,No,Frecuentemente,Pocas,Comunicación,Medio
,YouTube,Diariamente,5.0,9.0,Deportes,,Sí,A veces,Moderadas,Trabajo,Medio
29.0,Facebook,Varias veces al día,4.8,10.0,Noticias,21.0,No,Frecuentemente,Moderadas,Entretenimiento,Medio
27.0,YouTube,Diariamente,4.8,11.0,,42.0,No,A veces,,Información,
18.0,,Semanalmente,2.7,9.0,Entretenimiento,21.0,No,,Pocas,Entretenimiento,Medio
31.0,TikTok,Varias veces por semana,1.0,5.0,Música,,No,Raramente,Ninguna,Educación,Bajo
17.0,WhatsApp,Diariamente,4.4,7.0,Videojuegos,82.0,No,Siempre,Ninguna,Entretenimiento,Alto
27.0,WhatsApp,Diariamente,2.8,10.0,Educación,48.0,No,Raramente,,,
30.0,WhatsApp,Varias veces al día,4.3,15.0,Deportes,58.0,No,A veces,Moderadas,Información,Medio
20.0,Instagram,Diariamente,6.8,12.0,Memes,87.0,No,Frecuentemente,Muchas,Comunicación,Medio
14.0,TikTok,Varias veces al día,5.7,14.0,Entretenimiento,55.0,No,Frecuentemente,Pocas,Información,Bajo
25.0,X,Varias veces al día,7.0,20.0,Noticias,51.0,No,,,Información,Medio
42.0,WhatsApp,Raramente,0.7,3.0,Noticias,2.0,No,Frecuentemente,Pocas,Comunicación,Bajo
38.0,YouTube,Diariamente,6.1,22.0,,71.0,,Frecuentemente,Pocas,Entretenimiento,Medio
26.0,Facebook,Diariamente,5.2,12.0,Entretenimiento,,Sí,A veces,,Promoción/negocio,Alto
49.0,WhatsApp,Varias veces por semana,1.5,9.0,Memes,11.0,No,Raramente,Moderadas,Entretenimiento,Alto
52.0,Facebook,,1.2,10.0,Tutoriales,,No,Nunca,Pocas,Educación,
14.0,Instagram,Semanalmente,2.1,8.0,Educación,27.0,No,Frecuentemente,,Información,Muy alto
19.0,Facebook,Varias veces al día,7.3,20.0,Noticias,146.0,,Siempre,Moderadas,Comunicación,Bajo
21.0,WhatsApp,Varias veces al día,8.7,13.0,Noticias,71.0,Sí,A veces,Pocas,Comunicación,Medio
30.0,Instagram,,7.7,18.0,Memes,139.0,No,A veces,Pocas,Promoción/negocio,Bajo
21.0,X,Raramente,,3.0,Noticias,23.0,Sí,,Pocas,Entretenimiento,Medio
24.0,WhatsApp,Semanalmente,0.9,3.0,Educación,25.0,No,,Pocas,Educación,Alto
54.0,,Diariamente,4.7,12.0,Deportes,59.0,No,A veces,Ninguna,Educación,Bajo
,TikTok,,1.7,9.0,,39.0,No,,Pocas,Entretenimiento,Alto
27.0,Instagram,Varias veces al día,5.5,10.0,Música,94.0,,A veces,Muchas,Promoción/negocio,Muy bajo
13.0,Instagram,Diariamente,3.5,11.0,Memes,103.0,Sí,Frecuentemente,Pocas,Promoción/negocio,
36.0,YouTube,Varias veces al día,3.3,,Música,63.0,Sí,A veces,Ninguna,Educación,Medio
21.0,Facebook,Varias veces al día,10.8,30.0,Noticias,167.0,Sí,Frecuentemente,,Información,Alto
24.0,,Semanalmente,2.4,10.0,Educación,8.0,No,A veces,Moderadas,Comunicación,Alto
,WhatsApp,Varias veces por semana,4.6,13.0,Memes,63.0,Sí,Siempre,Pocas,Trabajo,Alto
21.0,,Varias veces al día,5.2,14.0,,93.0,No,Raramente,Pocas,Trabajo,Medio
19.0,X,Diariamente,3.9,7.0,Noticias,59.0,No,Frecuentemente,,Educación,Medio
24.0,TikTok,Semanalmente,2.3,10.0,Memes,43.0,No,Frecuentemente,Moderadas,Trabajo,
23.0,Facebook,Varias veces al día,10.3,13.0,Música,85.0,,Frecuentemente,Muchas,Entretenimiento,Muy alto
22.0,YouTube,Varias veces al día,7.9,23.0,Tutoriales,119.0,Sí,Siempre,Moderadas,Educación,Bajo
54.0,YouTube,Diariamente,5.6,14.0,Música,85.0,Sí,Frecuentemente,,Comunicación,Medio
33.0,WhatsApp,Raramente,0.9,3.0,Memes,,,Nunca,Ninguna,Comunicación,Alto
13.0,Facebook,,3.1,14.0,Entretenimiento,32.0,No,A veces,Pocas,Entretenimiento,Medio
14.0,Instagram,Varias veces al día,5.2,9.0,Entretenimiento,93.0,Sí,Siempre,Muchas,,
21.0,,Varias veces al día,10.9,17.0,Entretenimiento,167.0,,Siempre,Muchas,Entretenimiento,Alto
